label,global,basal,her2,lumA,lumB,norm
path:hsa04657,0.06385198,0.052838195,0.05635565,0.082493365,0.056785874,0.007365629
path:hsa04914,0.050696164,0.051512297,0.054568335,0.05608197,0.05923062,0.0034635046
path:hsa04114,0.047310334,0.0515249,0.054550484,0.049265653,0.058926865,0.0033428662
path:hsa04512,0.046918403,0.037484117,0.040191155,0.064763054,0.032811552,0.0041681295
path:hsa00380,0.03782983,0.042057276,0.049938742,0.040013548,0.03939369,0.007746274
path:hsa05219,0.033996657,0.050599422,0.05089706,0.027997542,0.04262409,0.0071450355
path:hsa04218,0.03354245,0.051512837,0.051560886,0.022979403,0.054284923,0.0041498374
path:hsa05214,0.021990988,0.044566717,0.032360993,0.013804199,0.028911937,0.0036760524
path:hsa00270,0.01987662,0.03759395,0.029554185,0.014976154,0.021553641,0.0036268479
path:hsa04970,0.017015195,0.027270105,0.01841929,0.016105663,0.014740644,0.0069213537
path:hsa00310,0.014341203,0.033694975,0.019235158,0.007672811,0.018226516,0.003559009
path:hsa00100,0.012851977,0.017659409,0.01735305,0.009059361,0.019203097,0.008622224
path:hsa05150,0.012493059,0.0022291471,0.0070546824,0.019391501,0.010321279,0.0034914932
path:hsa04670,0.01176961,0.031687077,0.018233346,0.0061016507,0.009062132,0.0060041733
path:hsa04530,0.011228007,0.010340766,0.006097678,0.010924024,0.019353982,0.003004402
path:hsa04110,0.010935847,0.031252883,0.013948788,0.0026785652,0.0173061,0.0032722163
path:hsa05220,0.010597281,0.038232785,0.009651159,0.0027202237,0.010355321,0.0033562183
path:hsa00232,0.010517962,0.0031477388,0.005860134,0.014815775,0.01088222,0.0043559796
path:hsa04978,0.010462474,0.012391017,0.0109388875,0.010949094,0.01106605,0.0031794114
path:hsa00400,0.010357759,0.011848634,0.015058238,0.009101646,0.01450105,0.0030318068
path:hsa00592,0.010354536,0.0033394385,0.02059461,0.011728738,0.013115183,0.0031035887
path:hsa00600,0.009787879,0.004806228,0.0058080098,0.011984579,0.013748923,0.0029344794
path:hsa05414,0.008920357,0.0025228432,0.0068619885,0.010806703,0.013696074,0.0032023878
path:hsa00350,0.00864546,0.002123732,0.027115883,0.00793883,0.010866493,0.0060746614
path:hsa05166,0.008452197,0.023815703,0.007543109,0.003361634,0.011064774,0.003218662
path:hsa04935,0.008241041,0.004192992,0.005614174,0.009955539,0.011120888,0.0032145279
path:hsa05215,0.007819791,0.009125652,0.017680874,0.0039448505,0.015859434,0.0030980415
path:hsa04961,0.007659724,0.007326239,0.0011155261,0.009281912,0.008356372,0.003504377
path:hsa04261,0.007421479,0.0016389469,0.0022733908,0.0108182,0.008362112,0.0023346033
path:hsa00591,0.0069947387,0.002472947,0.009520168,0.008170468,0.0092113875,0.0030044203
path:hsa03440,0.006257212,0.010461981,0.005038904,0.003895869,0.010687715,0.00354844
path:hsa00520,0.0061192564,0.004902078,0.008190134,0.0061909403,0.007418085,0.003974008
path:hsa04927,0.005645384,0.0031780412,0.008861307,0.0070235785,0.0041166097,0.0034765594
path:hsa04972,0.0055159437,0.012488211,0.0036624689,0.004330303,0.0040355064,0.0034350893
path:hsa00534,0.005251926,0.013558238,0.0039151604,0.0040331404,0.0022634128,0.0034271285
path:hsa00601,0.005210385,0.0028195798,0.013531353,0.004934208,0.0061055673,0.0030800481
path:hsa00010,0.0049861907,0.005331694,0.005916616,0.0043997546,0.0061196187,0.0045755766
path:hsa04919,0.0049228943,0.0044100313,0.002813285,0.0056727193,0.004992105,0.0034308694
path:hsa04216,0.004733822,0.008453443,0.0030631735,0.0040508644,0.0045211455,0.0033059113
path:hsa05216,0.0047229943,0.0015097747,0.0015037422,0.0055292533,0.007746904,0.0029938754
path:hsa04068,0.004660045,0.010540231,0.008593434,0.0023458074,0.0046214513,0.0033199016
path:hsa05210,0.0043119406,0.003469642,0.0018704177,0.0041196444,0.007465175,0.0026917118
path:hsa04260,0.0041103745,0.0025070354,0.0054503675,0.003993356,0.006566667,0.001981466
path:hsa00563,0.004050814,0.0007410902,0.02442908,0.0020575374,0.005177036,0.0030223099
path:hsa00603,0.0039612013,0.0026714709,0.0028549628,0.0044802357,0.0045164833,0.00336267
path:hsa04911,0.0037445533,0.001958279,0.0015350231,0.0048391456,0.0038315593,0.0027700306
path:hsa05223,0.00359872,0.0057680365,0.0058897673,0.0022401938,0.0045491476,0.0032611815
path:hsa05322,0.0035471558,0.003262429,0.0031091066,0.0033588905,0.0047693714,0.0030521827
path:hsa04721,0.0035362863,0.0012939071,0.002433668,0.0038564317,0.0053251837,0.003319263
path:hsa04744,0.0035062328,0.0054511554,0.008135921,0.0025967686,0.0024653524,0.003276685
path:hsa05410,0.0032113455,0.005568587,0.009868672,0.0019915525,0.0026193417,0.0015295191
path:hsa00532,0.0031076283,0.0048563452,0.003948111,0.0026621416,0.0022880817,0.003215974
path:hsa04614,0.003053881,0.004385382,0.0011705315,0.002906504,0.0028282565,0.0032612956
path:hsa04918,0.0026339998,0.0010474916,0.0024485101,0.0032943534,0.0020343957,0.0033066415
path:hsa05110,0.0025508443,0.00120998,0.0032842734,0.0025166646,0.003253776,0.00322885
path:hsa04022,0.0025215247,0.0012230616,0.0017206267,0.0032105877,0.0016331477,0.003527623
path:hsa05160,0.0025149984,0.0026741624,0.001968556,0.0022184115,0.0029799573,0.0032727702
path:hsa05030,0.0022691025,0.001276202,0.0032830946,0.0019500661,0.003297222,0.0029748415
path:hsa00230,0.0022207866,0.0018247984,0.0018145461,0.0022752888,0.0019173152,0.0034918103
path:hsa04728,0.00202138,0.0007394867,0.001725974,0.002609946,0.0010473153,0.00329806
path:hsa04973,0.0019364699,0.0009930873,0.0007647655,0.002040457,0.0023075563,0.0032195766
path:hsa00440,0.0019075182,0.0018271399,0.0015131109,0.0015805179,0.0023883479,0.0030968932
path:hsa05412,0.0018965728,0.0012421854,0.0008151481,0.0022888656,0.0010943128,0.003323698
path:hsa00053,0.0018693258,0.00052005315,0.0025360817,0.002170869,0.0013257656,0.0032193614
path:hsa05323,0.0018648952,0.003213067,0.0009502263,0.0013996231,0.0014719076,0.0032562038
path:hsa00430,0.0018528035,0.0003178429,0.0010125954,0.0026381381,0.00097441697,0.0027947659
path:hsa04940,0.0018456334,0.0024464086,0.0010264565,0.0017143051,0.0013905518,0.0028980158
path:hsa04024,0.0017984796,0.0010492086,0.0013912987,0.002070835,0.0010692596,0.003372709
path:hsa00510,0.0017878555,0.0011767766,0.0022539592,0.0016525264,0.0017969952,0.0031818731
path:hsa03460,0.0017756445,0.0012743624,0.001091828,0.0018779528,0.0015181974,0.0031049782
path:hsa00790,0.0017335189,0.0006492507,0.0020684842,0.0013248506,0.003025978,0.0030552724
path:hsa05213,0.0017071255,0.00094800076,0.0015241896,0.0019334636,0.0010199713,0.0032905263
path:hsa04915,0.0016984121,0.0011174392,0.0004296847,0.0016218107,0.0022180155,0.0030579634
path:hsa00470,0.0016926065,0.0041977973,0.0005481762,0.0010985335,0.00060915895,0.0031614364
path:hsa04925,0.0016722579,0.0007711033,0.002234501,0.0018574712,0.0008857479,0.003354082
path:hsa04713,0.0016568972,0.00079248595,0.0014643635,0.0019261837,0.00088792096,0.0033651239
path:hsa04145,0.0016489493,0.0016763108,0.0011500395,0.0014200389,0.0016132884,0.003185937
path:hsa04122,0.0016430009,0.0016018542,0.0011181751,0.00158411,0.0011538785,0.0032978305
path:hsa05143,0.0016053187,0.0023578256,0.00078200083,0.0014057755,0.00084538927,0.003304718
path:hsa00750,0.0016050024,0.00045404318,0.0041381624,0.0013740637,0.0014404628,0.003244607
path:hsa05330,0.0015998351,0.0011394522,0.00079815224,0.0016944208,0.0012053384,0.003235899
path:hsa04215,0.0015914977,0.000753275,0.0008035783,0.0016963528,0.0015888932,0.0030995659
path:hsa04066,0.0015732193,0.00071191863,0.0037195385,0.0013974059,0.0010798838,0.0033181335
path:hsa05205,0.0015523256,0.0011569364,0.0008448655,0.0015849113,0.0011816692,0.0032758948
path:hsa00190,0.0015523196,0.0011964096,0.0009844116,0.0015356152,0.0012620637,0.0032061564
path:hsa05225,0.001516981,0.0009294085,0.0010169125,0.0016282343,0.0009981104,0.0033017246
path:hsa04217,0.0015114608,0.0012847588,0.00072459405,0.0014099259,0.0012477752,0.0034784582
path:hsa04070,0.0014942576,0.00049108086,0.0005201591,0.0016899268,0.0014529389,0.0030377095
path:hsa05332,0.0014804262,0.0015432354,0.00074144296,0.0014112144,0.0009857853,0.0031717743
path:hsa04725,0.0014642332,0.0006990604,0.0004067996,0.0014796547,0.0017093965,0.003034181
path:hsa05212,0.0014418641,0.00093389896,0.0011030774,0.0014467161,0.0010246837,0.0033203599
path:hsa05320,0.0014393812,0.0010810085,0.00080543454,0.0014417233,0.0010022776,0.0033208092
path:hsa04621,0.0014392297,0.00074478734,0.000789498,0.0015556485,0.0010274723,0.0032946798
path:hsa05167,0.0014272413,0.0007761636,0.00080631935,0.0014962994,0.0010547596,0.0033528581
path:hsa05170,0.0014255069,0.00086560997,0.0012921102,0.0014736061,0.0008691854,0.003284329
path:hsa00920,0.0014244041,0.0006895459,0.0013848133,0.0015257306,0.00085620955,0.0032731588
path:hsa05020,0.0014211437,0.00077551673,0.0008227786,0.0015565433,0.0008676341,0.003320483
path:hsa04270,0.001416561,0.0007533002,0.00076646823,0.0014942356,0.0009911346,0.0034389696
path:hsa04064,0.0014123414,0.0008870217,0.00071904337,0.0015561645,0.0007936068,0.003248898
path:hsa05022,0.0014033716,0.0012722979,0.0010311231,0.001341456,0.0009415603,0.0030690043
path:hsa05217,0.0013986331,0.00078720006,0.00080327754,0.0014957148,0.00088246854,0.0033607257
path:hsa04360,0.0013866219,0.0007856724,0.00080389396,0.001474267,0.0008782007,0.0033546258
path:hsa00565,0.0013828316,0.0006649846,0.00092575897,0.0014871242,0.00093487266,0.0032675143
path:hsa00590,0.0013785715,0.000389837,0.0013428018,0.0013733099,0.0014088383,0.0030988676
path:hsa00604,0.0013773663,0.0007799187,0.0008030059,0.0014579984,0.00088045857,0.0033473368
path:hsa01522,0.0013704511,0.00075341517,0.000856258,0.0014497248,0.0008695601,0.0033451542
path:hsa00983,0.0013687774,0.00040420983,0.0004914805,0.0014576936,0.0016193693,0.0027742155
path:hsa04136,0.0013686998,0.0007131999,0.00076229405,0.001398361,0.0011065747,0.0032864588
path:hsa00330,0.0013639844,0.0007599208,0.0008110712,0.0014490233,0.0008702471,0.0033018095
path:hsa00860,0.001357384,0.0006880814,0.0011969046,0.0014275786,0.0008697985,0.0031877758
path:hsa00740,0.0013552246,0.0004000001,0.00067696563,0.0013534795,0.0016638351,0.0029507342
path:hsa04924,0.0013551761,0.000997128,0.00071410736,0.0013857732,0.0007946069,0.0033267639
path:hsa01521,0.0013546448,0.00066535105,0.00095354236,0.0014616826,0.0008223988,0.003290942
path:hsa05164,0.0013529073,0.00152185,0.00067534583,0.001225768,0.00085700356,0.0031096933
path:hsa04115,0.0013527939,0.00074783596,0.0007900549,0.0014371643,0.0008630712,0.003295247
path:hsa04390,0.0013506698,0.00075170264,0.0007827661,0.0014289999,0.00086142856,0.0033160606
path:hsa05221,0.0013498154,0.00074258394,0.0007829697,0.0014305091,0.0008571243,0.003323288
path:hsa04610,0.0013483636,0.0007197283,0.0007730361,0.0014363496,0.0008770774,0.0032888683
path:hsa05416,0.0013474948,0.0007582577,0.0007744736,0.0014475427,0.0008337016,0.0032353096
path:hsa05140,0.0013465759,0.00072794646,0.0007771735,0.0014251621,0.00089388917,0.0032784496
path:hsa05165,0.001345428,0.0007404154,0.000783613,0.0014245774,0.00086007896,0.0033056082
path:hsa05230,0.0013439981,0.000744531,0.00079256267,0.001414937,0.00086132006,0.0033235245
path:hsa04012,0.0013423857,0.00074711087,0.00077624974,0.0014128649,0.0008547608,0.0033367292
path:hsa00030,0.0013421352,0.0007326671,0.000793871,0.001378532,0.0008553204,0.0035189851
path:hsa05222,0.0013390887,0.0007147528,0.00077013543,0.0014293754,0.0008553153,0.0032789235
path:hsa05208,0.0013315374,0.00072075723,0.00077809603,0.0014048284,0.00085147773,0.003315513
path:hsa04810,0.0013310736,0.00073006225,0.0007719254,0.0014055293,0.0008479119,0.0033020214
path:hsa05100,0.0013306352,0.00073693186,0.0007848056,0.0014016355,0.0008531007,0.0032862232
path:hsa04980,0.0013279914,0.00071583554,0.0007408738,0.0014152935,0.00083910965,0.0032843074
path:hsa04933,0.0013272299,0.0007088705,0.00076577,0.0014061377,0.0008410606,0.0033131496
path:hsa04668,0.0013261522,0.00072474265,0.00077159057,0.0014025645,0.0008437683,0.003283115
path:hsa05135,0.0013259649,0.0007256411,0.00077406043,0.0014027079,0.0008486047,0.0032681667
path:hsa00040,0.0013246735,0.00051665533,0.0007796381,0.0014832594,0.00092455075,0.0030675472
path:hsa04625,0.0013239932,0.00071777153,0.0007750617,0.0014012841,0.0008403611,0.0032831496
path:hsa00240,0.001323874,0.0007138628,0.00077211455,0.0014108183,0.00085678673,0.0032122876
path:hsa05226,0.0013237807,0.0007116332,0.0007420025,0.0013995732,0.0008465118,0.0033129097
path:hsa04730,0.0013232615,0.0007034137,0.00073868333,0.0014108362,0.0008358997,0.003286975
path:hsa00910,0.0013221983,0.0004789094,0.00060962164,0.001446481,0.0010270356,0.0032273612
path:hsa04520,0.0013217805,0.00072732137,0.00076356065,0.001388955,0.00084824103,0.0032996072
path:hsa04921,0.0013207211,0.0007102221,0.0007541882,0.0013946436,0.00084526336,0.003302013
path:hsa04664,0.0013201919,0.0007151059,0.0007670744,0.0013978182,0.00084213144,0.0032683988
path:hsa05161,0.001319428,0.0006968655,0.00074021047,0.0014039862,0.0008398272,0.0032848555
path:hsa00220,0.0013192163,0.000706032,0.0007224128,0.0014014272,0.00082786323,0.0033146609
path:hsa04622,0.0013191362,0.00070580613,0.0007431685,0.001406339,0.0008446447,0.0032433092
path:hsa04936,0.0013183568,0.000704529,0.00075768895,0.0013921114,0.0008374412,0.0033121142
path:hsa05169,0.0013170334,0.0007379055,0.0007373797,0.0013876209,0.0008544499,0.0032461868
path:hsa04611,0.001315676,0.0007090218,0.0007537675,0.0013923654,0.0008348803,0.0032827875
path:hsa05034,0.0013152774,0.0007159164,0.0007581211,0.0013854115,0.0008423694,0.0032847552
path:hsa00562,0.0013126788,0.0007061426,0.00074862724,0.0013868228,0.0008408573,0.0032774166
path:hsa04514,0.0013107742,0.0007190961,0.0007608892,0.0013837346,0.0008110683,0.0032968735
path:hsa04714,0.0013104375,0.0006786402,0.0007517043,0.0013606929,0.0008306582,0.0034507809
path:hsa04620,0.0013097033,0.00071003375,0.00074822013,0.0013867416,0.00083009794,0.0032603808
path:hsa00620,0.0013082859,0.0007180493,0.00077700143,0.0013691112,0.00084732065,0.0032680405
path:hsa04140,0.0013081251,0.00069577136,0.00075551134,0.0013768452,0.0008483279,0.0032798685
path:hsa04660,0.0013069576,0.0007119922,0.0007586888,0.0013797426,0.0008308484,0.0032548625
path:hsa05130,0.0013065544,0.00071452896,0.0007640609,0.0013837981,0.0008383558,0.003207971
path:hsa04137,0.0013064494,0.0006921993,0.00075307186,0.0013699394,0.0008481055,0.0033057996
path:hsa05211,0.0013063746,0.0006933407,0.00075583626,0.0013764391,0.0008385575,0.0032858336
path:hsa05132,0.0013033152,0.0006776575,0.0007222519,0.0013488266,0.00082155305,0.003476799
path:hsa00020,0.0013032955,0.0007170169,0.00079266407,0.0013577631,0.00084817084,0.0032624889
path:hsa04071,0.0013031954,0.00069270766,0.0007513454,0.0013755026,0.00083127606,0.0032753986
path:hsa04380,0.0012992712,0.0006951091,0.0007413968,0.0013741588,0.0008172059,0.0032705676
path:hsa04612,0.0012957514,0.0007070083,0.00076138333,0.0013685938,0.00084493664,0.0031756505
path:hsa01523,0.0012950329,0.0006796827,0.00070769247,0.0013884223,0.0008154693,0.003209101
path:hsa04916,0.0012942362,0.00070897356,0.0007333867,0.001353189,0.00082584255,0.0032899892
path:hsa00250,0.0012925491,0.00081756816,0.0011196432,0.0011514529,0.0012410469,0.0030543152
path:hsa04666,0.0012913209,0.00070204,0.000745011,0.0013636685,0.00082010264,0.0032210564
path:hsa00120,0.0012908397,0.00064549095,0.0007002625,0.0013809851,0.0008057455,0.0032861766
path:hsa04150,0.0012887937,0.00071139535,0.0007160332,0.001352255,0.0008273628,0.0032437944
path:hsa05133,0.0012881776,0.0006590972,0.00072106207,0.0013637528,0.00081511383,0.0032895005
path:hsa04960,0.0012879651,0.0007831159,0.00062650506,0.0013450631,0.00080286176,0.0032568017
path:hsa04141,0.0012879146,0.00065861206,0.0007456167,0.0013733915,0.0008467351,0.003162608
path:hsa04659,0.0012813357,0.000671457,0.0007176999,0.0013567513,0.0008001425,0.0032625063
path:hsa00515,0.0012811268,0.0006637699,0.0006961805,0.0013746481,0.00080688234,0.0031864538
path:hsa05017,0.0012742173,0.000652657,0.00071042374,0.0013483393,0.000819105,0.0032341604
path:hsa05235,0.0012740585,0.0006852735,0.00073082873,0.0013333486,0.00080886163,0.0032555384
path:hsa04210,0.0012739777,0.0006625147,0.0007155692,0.0013536804,0.00081092253,0.0031989024
path:hsa04650,0.0012733666,0.00069370604,0.0007295775,0.0013398877,0.0007949601,0.0032272304
path:hsa05321,0.001272774,0.0006608375,0.0007187226,0.0013633205,0.00077271386,0.0032089986
path:hsa00900,0.0012720353,0.00069699803,0.0007697838,0.0013417545,0.0008432057,0.0030798493
path:hsa04510,0.0012712004,0.00067272247,0.0006966165,0.0013350068,0.00079588837,0.003288222
path:hsa04370,0.0012691524,0.00067151856,0.0007248827,0.00133542,0.000801814,0.0032355168
path:hsa04062,0.001268753,0.000675043,0.00072174746,0.0013357487,0.0007937465,0.0032407546
path:hsa04672,0.0012684854,0.0007881674,0.00071536447,0.0013341934,0.0007403001,0.00315212
path:hsa05418,0.0012682,0.0006623132,0.0007041255,0.0013346673,0.0007977242,0.0032681208
path:hsa00770,0.0012676545,0.00059784093,0.0007167964,0.0013557462,0.00082576624,0.00320728
path:hsa03250,0.001267109,0.00066491286,0.0007403525,0.0013568158,0.00082891196,0.0030563783
path:hsa03018,0.0012663323,0.000650066,0.0006052186,0.0013051361,0.000914709,0.0032747074
path:hsa04061,0.0012652928,0.00068458635,0.0007424513,0.0013252394,0.0007746612,0.0032616004
path:hsa00260,0.001265066,0.00067058107,0.00073866616,0.0013405826,0.0008131015,0.0031377994
path:hsa04211,0.0012643624,0.0006120141,0.0006690819,0.0013356884,0.00082725147,0.0032816518
path:hsa05203,0.0012622738,0.0005901278,0.0007028921,0.0013593122,0.0008223554,0.0031632998
path:hsa05168,0.0012603434,0.0006233747,0.0006765483,0.0013494769,0.0008564682,0.0030910468
path:hsa04662,0.0012599526,0.0006794336,0.0007291657,0.0013341133,0.0007796525,0.0031707855
path:hsa05131,0.001259823,0.00066805346,0.00070204673,0.0013260816,0.0008068927,0.0031991624
path:hsa04931,0.0012548307,0.00064862764,0.00067036046,0.0013237697,0.0007886804,0.003249599
path:hsa05145,0.0012526097,0.00064846023,0.0007108071,0.0013299434,0.00076413306,0.0032117215
path:hsa00785,0.0012510302,0.0006639469,0.000704972,0.0012942331,0.00081759924,0.0032541258
path:hsa05171,0.0012503822,0.0006495853,0.00069832645,0.0013198555,0.0007774652,0.003222021
path:hsa05142,0.0012502728,0.0006459058,0.0007088084,0.0013196403,0.00077638665,0.0032227787
path:hsa04917,0.0012500086,0.00064832927,0.00066712213,0.0013159969,0.00078411074,0.003250188
path:hsa05152,0.0012490598,0.00065331865,0.00072721235,0.0013182049,0.00078011426,0.003184269
path:hsa05120,0.0012481356,0.00067389815,0.0007054563,0.001307895,0.00075567915,0.0032518995
path:hsa05012,0.0012477656,0.0007694934,0.0005894103,0.0013096477,0.0008111789,0.0030541127
path:hsa04340,0.0012425181,0.00058863306,0.000633958,0.0013301701,0.0007648298,0.0032646742
path:hsa04060,0.0012423617,0.000681735,0.0007140028,0.0012986058,0.0007407827,0.003246649
path:hsa04658,0.0012372162,0.0006431809,0.0007114011,0.0013056041,0.0007349426,0.0032378214
path:hsa01524,0.0012368484,0.00061044784,0.00065683917,0.0013230466,0.00078413705,0.0031515365
path:hsa04310,0.001236718,0.0006513499,0.00066397776,0.0013015498,0.00075745635,0.00323165
path:hsa04975,0.0012365322,0.00064414326,0.0007158256,0.0012872122,0.00075653126,0.0032788224
path:hsa04928,0.0012353592,0.0006351073,0.00064463454,0.0012985711,0.0007682181,0.0032550637
path:hsa04962,0.0012337088,0.0005714201,0.00060062547,0.0013445842,0.00073648157,0.0032071082
path:hsa04350,0.001233144,0.00061475014,0.00066924293,0.0013007385,0.0007499558,0.0032725548
path:hsa00051,0.0012304052,0.0006031041,0.0007019185,0.0013130669,0.0008771883,0.0029431137
path:hsa05014,0.0012298904,0.0006509112,0.00084636715,0.0012455739,0.00081471127,0.0032062088
path:hsa04623,0.0012286005,0.0006342354,0.00069508917,0.0013079131,0.00074303173,0.0031492566
path:hsa05207,0.0012272347,0.0006047312,0.00062086334,0.0013008282,0.0007543291,0.003255299
path:hsa00564,0.0012232233,0.00056240376,0.00058565877,0.0012834168,0.0008665925,0.00319338
path:hsa03015,0.0012206872,0.00064330915,0.0006667102,0.0012837759,0.00079292816,0.0031016534
path:hsa04151,0.0012140723,0.0005860135,0.00063214917,0.001283136,0.0007456016,0.0032487747
path:hsa00760,0.0012122558,0.00054941553,0.00086850283,0.0012579083,0.00074674515,0.0032475817
path:hsa04920,0.0012082157,0.0006058382,0.0006338351,0.0012643859,0.0007511428,0.0032367362
path:hsa04630,0.0012081517,0.0006172939,0.0006387597,0.0012625381,0.00074961747,0.003224685
path:hsa04072,0.0012077036,0.0006306918,0.00064525416,0.0012621409,0.00072733226,0.0032351892
path:hsa04971,0.0012075768,0.0006309715,0.00066465756,0.0012526505,0.00074211025,0.003239924
path:hsa04080,0.0012048015,0.0005450837,0.00059843616,0.0012946788,0.00071813416,0.0032409064
path:hsa05010,0.0012016672,0.00059489737,0.000632722,0.0012774795,0.0007485964,0.0031272408
path:hsa05162,0.0011957911,0.0006046572,0.00066985487,0.001263536,0.0007296227,0.0031278713
path:hsa05163,0.0011900399,0.00058896403,0.00064924324,0.0012507351,0.00071602705,0.003200396
path:hsa00052,0.0011891552,0.0006746018,0.00067169947,0.0012148755,0.0007873779,0.0030748479
path:hsa04144,0.0011867088,0.00053558435,0.0006204921,0.0012626471,0.00075791986,0.0031420796
path:hsa05134,0.0011853058,0.00063056865,0.00064527785,0.0012415934,0.0007141411,0.0031313158
path:hsa00970,0.0011831789,0.00054871076,0.0006016007,0.0012780403,0.0007697648,0.002996615
path:hsa00650,0.0011820592,0.0005410688,0.0005809239,0.001238886,0.00075856794,0.0032318907
path:hsa04979,0.0011774398,0.0005714381,0.00062556664,0.001241839,0.0007039087,0.003184803
path:hsa00450,0.0011766003,0.00055143563,0.00057318294,0.001268972,0.00076153723,0.003005294
path:hsa00730,0.0011741164,0.00045625027,0.00061774114,0.0012833158,0.00069784257,0.0031584606
path:hsa04932,0.0011717555,0.00056789693,0.00061732874,0.0012260262,0.00070421083,0.003217341
path:hsa05016,0.001153986,0.0005364806,0.0006113304,0.0012321909,0.0007162355,0.0030387766
path:hsa00410,0.0011400337,0.0004627249,0.00055876054,0.0012024452,0.00071077334,0.0032211985
path:hsa04540,0.0011390307,0.00058300496,0.00037936977,0.0010161647,0.0012796248,0.0030204598
path:hsa05231,0.0011376081,0.0005303099,0.00059433584,0.0011862272,0.0006773528,0.0031961864
path:hsa04722,0.0011368212,0.0005322906,0.0005689624,0.0012060025,0.00065544056,0.0031435695
path:hsa04727,0.0011364933,0.0005654466,0.00043075177,0.0011693566,0.00077023247,0.0031555162
path:hsa00531,0.0011338618,0.00051900337,0.0005525008,0.0012029562,0.0006923629,0.0030950897
path:hsa04964,0.0011337531,0.00045494293,0.0005543108,0.0011796306,0.0008875633,0.002961184
path:hsa04926,0.0011329799,0.00047329583,0.00048359387,0.0012611392,0.000582205,0.003125378
path:hsa00513,0.0011290854,0.00047251748,0.0005732211,0.0012443626,0.0006815743,0.002922293
path:hsa04726,0.0011271379,0.00047285543,0.00040028995,0.0011335767,0.0009767726,0.0030408008
path:hsa00780,0.0011268804,0.00037054165,0.00049144117,0.0012567922,0.00065228576,0.003127907
path:hsa04934,0.0011263768,0.00053058093,0.0005505129,0.0011875769,0.00064029795,0.0031727217
path:hsa00630,0.0011213906,0.00053292786,0.00053952064,0.001156078,0.0007033834,0.003167396
path:hsa04912,0.0011191558,0.0005378099,0.0005913243,0.0011595301,0.0006628839,0.003155581
path:hsa04723,0.0011123202,0.00049369084,0.0005507324,0.0011585723,0.00072394003,0.0030829532
path:hsa00130,0.0011067219,0.00042235004,0.00064285536,0.0011799205,0.00074487505,0.0029358207
path:hsa05417,0.0011024912,0.0005512826,0.0006028566,0.001146724,0.0006261893,0.003083452
path:hsa00071,0.0011012271,0.00049883156,0.00053462276,0.0011191907,0.00067236257,0.0032650088
path:hsa05144,0.0010968744,0.0010880119,0.0005011056,0.0010020818,0.0005715046,0.0029953527
path:hsa05218,0.0010927378,0.00041640902,0.00048496423,0.0011764704,0.0005947267,0.0032108626
path:hsa05310,0.0010872225,0.00088146055,0.0006075751,0.0010448007,0.00053356274,0.0030323928
path:hsa00480,0.0010841339,0.00046394838,0.0005158377,0.0011469063,0.0006032919,0.0031498808
path:hsa04014,0.0010831106,0.0004958051,0.0005284508,0.0011273284,0.00058942393,0.0031991634
path:hsa05200,0.0010706617,0.00046561164,0.00051047234,0.0011333334,0.0005740939,0.0031337335
path:hsa00061,0.0010628784,0.00044954833,0.0005850994,0.0010973425,0.00063612685,0.0030939865
path:hsa00500,0.0010611728,0.0005242519,0.00055602804,0.0010510467,0.00061959674,0.0032316751
path:hsa04020,0.0010495972,0.0003586577,0.00035903451,0.0011070572,0.00055853464,0.0033731842
path:hsa05415,0.001037486,0.0004800198,0.00049807207,0.0010753701,0.0005745831,0.0030655146
path:hsa05202,0.0010240003,0.00040694288,0.0005408506,0.0010935261,0.00058898143,0.0029036247
path:hsa04720,0.0010198483,0.00044172513,0.0004985233,0.0010694136,0.0005584918,0.0030088797
path:hsa00640,0.0010195485,0.00038827455,0.00047549338,0.001042746,0.0006089051,0.0031571737
path:hsa00340,0.0010191201,0.0003633579,0.00046768898,0.001072654,0.0005707147,0.0031213467
path:hsa04740,0.0010171552,0.0004599858,0.00049912237,0.0010202018,0.00054704025,0.0032185349
path:hsa05032,0.0010169027,0.0004412941,0.0004707646,0.001059662,0.0005162366,0.0031266506
path:hsa04213,0.0010088445,0.00042607647,0.00040540053,0.0010585178,0.0005414799,0.0030761333
path:hsa04550,0.0010031514,0.00041048447,0.0003651246,0.0011174052,0.00041363743,0.003012385
path:hsa05224,0.0009948655,0.0004110245,0.00039723888,0.0010638785,0.00046693615,0.003074087
path:hsa04152,0.0009855166,0.0004129572,0.0004258656,0.0010174043,0.00052307337,0.0030839997
path:hsa04913,0.000983592,0.0003717255,0.00039031662,0.0010309747,0.0005049045,0.0031267512
path:hsa04613,0.0009823658,0.0005288481,0.00051365467,0.0009758061,0.0006019446,0.0028498904
path:hsa04148,0.00096770335,0.0004173864,0.0004825991,0.0009895124,0.0005253924,0.0029870025
path:hsa00670,0.0009676946,0.0004202004,0.00043120436,0.0010209962,0.0005361121,0.00284037
path:hsa04910,0.00096368016,0.00040741148,0.00044358277,0.0009984367,0.00048087328,0.0030282172
path:hsa04330,0.00093925424,0.00038275236,0.00042815742,0.000997639,0.0004563769,0.0028784077
path:hsa04930,0.0009259987,0.00033943396,0.00037846173,0.000992301,0.00045488664,0.0028822292
path:hsa00280,0.0009186693,0.00033100072,0.0003811046,0.0009287113,0.00055092573,0.0029627024
path:hsa04976,0.0009169889,0.0003215052,0.0003818847,0.0009380243,0.0004905207,0.0030259269
path:hsa04750,0.0009155135,0.00038712527,0.00044360835,0.0009257882,0.00046319223,0.0029638056
path:hsa04010,0.00091273815,0.00036384977,0.0004015697,0.00096287223,0.0004545931,0.0028346174
path:hsa05146,0.0009020982,0.0003811391,0.00044714424,0.0009170263,0.00043154787,0.0029353397
path:hsa00062,0.00090074824,0.00037617068,0.00039972787,0.00093395583,0.00053433096,0.002688761
path:hsa00140,0.0008956914,0.0003047094,0.0020105115,0.00077424035,0.0003521167,0.0027360765
path:hsa04392,0.0008944327,0.00039608422,0.00040359376,0.00094024563,0.00042314848,0.0027595994
path:hsa05204,0.00089436065,0.00032043352,0.0003982392,0.0008955123,0.00047136514,0.0030314722
path:hsa04015,0.0008886869,0.00037233572,0.00037964594,0.00090331445,0.0004172569,0.0029562854
path:hsa04371,0.00088222645,0.0003634853,0.00037308215,0.0008900057,0.00039489122,0.0030181007
path:hsa04724,0.0008773341,0.00035819743,0.00036419427,0.0009093936,0.00039446034,0.002885846
path:hsa04923,0.0008600376,0.00030627527,0.00032578388,0.00085237704,0.00040432904,0.0030947002
path:hsa00512,0.00083269883,0.0003406046,0.00038814722,0.00084136997,0.00040244136,0.002765156
path:hsa04922,0.0007697643,0.00032975062,0.00034235453,0.0007173667,0.00034630863,0.0028949992
path:hsa00360,0.0007519625,0.0003219576,0.00036271755,0.0007104576,0.00034765436,0.0027416039
path:hsa00982,0.00074150105,0.00028967854,0.00030954494,0.0006611861,0.0003417472,0.0029878605
path:hsa05031,0.00073916133,0.00030937666,0.00032191823,0.00069026864,0.000343107,0.0027707894
path:hsa00980,0.0007332348,0.00028515252,0.0003068574,0.0007197153,0.00033460872,0.002629414
path:hsa00830,0.00073304586,0.00029880664,0.0003320062,0.0006672514,0.0003398917,0.002840729
path:hsa00561,0.00066169765,0.00030844132,0.00032870317,0.000632552,0.000344187,0.0022537247
